{"stat.pickup.minecraft.log":9,"stat.flyOneCm":13347,"stat.walkOneCm":8623,"stat.jump":69,"stat.playOneMinute":2741,"stat.fallOneCm":629,"stat.killEntity.Chicken":1,"stat.leaveGame":1,"stat.sneakTime":44,"stat.pickup.minecraft.feather":1,"stat.damageTaken":222,"stat.damageDealt":71,"stat.crouchOneCm":361,"stat.pickup.minecraft.chicken":1,"stat.timeSinceDeath":2741,"stat.pickup.minecraft.sapling":1,"stat.sprintOneCm":10742,"stat.mobKills":1,"stat.mineBlock.minecraft.log":9,"stat.mineBlock.minecraft.tallgrass":3}