{"stat.walkOneCm":30643,"stat.playerKills":1,"stat.leaveGame":2,"stat.craftItem.minecraft.crafting_table":1,"stat.mineBlock.minecraft.double_plant":1,"stat.pickup.minecraft.log":18,"stat.pickup.minecraft.string":2,"stat.jump":143,"stat.swimOneCm":357,"stat.fallOneCm":2700,"stat.crouchOneCm":597,"stat.pickup.minecraft.chicken":1,"stat.pickup.minecraft.sapling":2,"stat.sprintOneCm":24401,"stat.useItem.minecraft.stone_slab2":1,"stat.craftItem.minecraft.stick":4,"stat.craftItem.minecraft.wooden_axe":1,"stat.craftingTableInteraction":2,"stat.pickup.hbm.titanium_legs":1,"stat.craftItem.minecraft.planks":36,"stat.killEntity.Chicken":1,"stat.pickup.minecraft.wooden_pickaxe":1,"stat.pickup.minecraft.feather":2,"stat.damageTaken":275104,"stat.mobKills":1,"stat.mineBlock.minecraft.log":9,"stat.pickup.minecraft.planks":12,"stat.flyOneCm":127367,"stat.deaths":5,"stat.pickup.minecraft.wheat_seeds":3,"stat.playOneMinute":6482,"stat.pickup.minecraft.torch":4,"stat.sneakTime":207,"stat.damageDealt":206,"stat.timeSinceDeath":570,"stat.useItem.minecraft.wooden_axe":2,"stat.mineBlock.minecraft.tallgrass":6,"stat.diveOneCm":6159}