{"stat.chestOpened":1,"stat.walkOneCm":17925,"stat.useItem.minecraft.bread":2,"stat.leaveGame":1,"stat.killEntity.entity_fucc_a_ducc":1,"stat.pickup.minecraft.crafting_table":1,"stat.mineBlock.minecraft.cobblestone":18,"stat.craftItem.minecraft.crafting_table":1,"stat.talkedToVillager":1,"stat.pickup.minecraft.log":5,"stat.swimOneCm":925,"stat.jump":231,"stat.fallOneCm":5146,"stat.climbOneCm":926,"stat.pickup.minecraft.beef":6,"stat.pickup.minecraft.furnace":2,"stat.pickup.minecraft.chicken":1,"stat.crouchOneCm":49,"stat.sprintOneCm":41484,"stat.useItem.minecraft.stone_slab2":1,"stat.mineBlock.minecraft.stone_slab":2,"stat.craftItem.minecraft.stick":4,"stat.craftItem.minecraft.wooden_axe":1,"stat.craftingTableInteraction":1,"stat.craftItem.minecraft.planks":20,"stat.pickup.minecraft.feather":1,"stat.damageTaken":100,"stat.pickup.minecraft.leather":4,"stat.mineBlock.minecraft.crafting_table":1,"stat.mineBlock.minecraft.furnace":2,"stat.useItem.minecraft.wooden_pickaxe":22,"stat.mobKills":3,"stat.pickup.minecraft.cobblestone":18,"stat.mineBlock.minecraft.log":5,"stat.useItem.minecraft.beef":3,"stat.flyOneCm":32668,"stat.pickup.minecraft.wheat_seeds":1,"stat.mineBlock.minecraft.leaves":8,"stat.pickup.minecraft.potato":4,"stat.playOneMinute":10967,"stat.sneakTime":27,"stat.damageDealt":240,"stat.timeSinceDeath":10967,"stat.useItem.minecraft.wooden_axe":2,"stat.pickup.minecraft.stone_slab":3,"stat.killEntity.Cow":2,"stat.craftItem.minecraft.wooden_pickaxe":1,"stat.diveOneCm":1184}