{"stat.leaveGame":3,"stat.craftItem.minecraft.cooked_porkchop":2,"stat.useItem.minecraft.chicken":6,"stat.useItem.minecraft.porkchop":5,"stat.useItem.minecraft.rotten_flesh":4,"stat.jump":357,"stat.pickup.minecraft.coal":10,"stat.fallOneCm":4637,"stat.useItem.minecraft.stone_axe":28,"stat.pickup.minecraft.porkchop":7,"stat.crouchOneCm":547,"stat.pickup.minecraft.spider_eye":1,"stat.craftItem.minecraft.torch":8,"stat.useItem.minecraft.stone_slab2":8,"stat.useItem.minecraft.cooked_chicken":1,"stat.craftingTableInteraction":4,"stat.pickup.minecraft.rotten_flesh":4,"stat.craftItem.minecraft.furnace":1,"stat.pickup.hbm.titanium_legs":1,"stat.craftItem.minecraft.stone_axe":1,"stat.damageTaken":726,"stat.pickup.minecraft.feather":5,"stat.craftItem.minecraft.stone_pickaxe":1,"stat.mineBlock.minecraft.torch":10,"stat.useItem.minecraft.wooden_pickaxe":19,"stat.pickup.minecraft.cobblestone":19,"stat.flyOneCm":97001,"stat.pickup.minecraft.wheat_seeds":39,"stat.useItem.minecraft.stone_pickaxe":11,"stat.damageDealt":1831,"stat.timeSinceDeath":1945,"stat.craftItem.minecraft.wooden_pickaxe":1,"stat.killEntity.Pig":3,"stat.walkOneCm":62523,"stat.useItem.minecraft.torch":10,"stat.animalsBred":1,"stat.playerKills":1,"stat.pickup.minecraft.crafting_table":1,"stat.craftItem.minecraft.crafting_table":1,"stat.pickup.hbm.bandaid":1,"stat.furnaceInteraction":4,"stat.mineBlock.minecraft.double_plant":21,"stat.useItem.minecraft.cooked_porkchop":2,"stat.killEntity.ZombieVillager":1,"stat.mineBlock.minecraft.coal_ore":10,"stat.pickup.minecraft.log":7,"stat.pickup.minecraft.string":2,"stat.craftItem.minecraft.stone_slab2":0,"stat.pickup.minecraft.chicken":7,"stat.pickup.minecraft.sapling":1,"stat.sprintOneCm":80884,"stat.craftItem.minecraft.stick":12,"stat.craftItem.minecraft.wooden_axe":1,"stat.craftItem.minecraft.planks":28,"stat.killEntity.Chicken":6,"stat.mineBlock.minecraft.crafting_table":1,"stat.killEntity.Spider":1,"stat.mobKills":14,"stat.mineBlock.minecraft.log":7,"stat.craftItem.minecraft.cooked_chicken":1,"stat.deaths":1,"stat.mineBlock.minecraft.leaves":8,"stat.playOneMinute":17846,"stat.pickup.minecraft.torch":8,"stat.sneakTime":178,"stat.killEntity.Zombie":3,"stat.useItem.minecraft.wooden_axe":11,"stat.mineBlock.minecraft.stone":19,"stat.mineBlock.minecraft.tallgrass":273}