{"stat.pickup.minecraft.bone":3,"stat.leaveGame":3,"stat.mineBlock.minecraft.cobblestone":19,"stat.pickup.minecraft.stone_pickaxe":2,"stat.swimOneCm":4995,"stat.climbOneCm":926,"stat.useItem.minecraft.stone_slab2":12,"stat.useItem.minecraft.water_bucket":25,"stat.pickup.minecraft.rotten_flesh":4,"stat.craftItem.minecraft.stone_axe":1,"stat.pickup.nuclearcraft.record_hyperspace":3,"stat.craftItem.minecraft.stone_pickaxe":1,"stat.pickup.minecraft.cobblestone":60,"stat.flyOneCm":190942,"stat.mineBlock.minecraft.iron_ore":2,"stat.timeSinceDeath":4965,"stat.craftItem.minecraft.wooden_pickaxe":1,"stat.pickup.minecraft.mutton":3,"stat.useItem.minecraft.lever":1,"stat.useItem.minecraft.potato":3,"stat.pickup.minecraft.wooden_axe":1,"stat.killEntity.entity_fucc_a_ducc":1,"stat.furnaceInteraction":2,"stat.killEntity.ZombieVillager":1,"stat.mineBlock.minecraft.coal_ore":25,"stat.talkedToVillager":2,"stat.pickup.minecraft.string":2,"stat.pickup.minecraft.beef":16,"stat.pickup.minecraft.furnace":7,"stat.pickup.hbm.t45_plate":2,"stat.entityKilledBy.Skeleton":1,"stat.craftItem.minecraft.stone_slab2":0,"stat.sprintOneCm":84869,"stat.mineBlock.minecraft.stone_slab":2,"stat.craftItem.minecraft.stick":8,"stat.craftItem.minecraft.wooden_axe":1,"stat.mineBlock.minecraft.crafting_table":2,"stat.useItem.minecraft.carrot":5,"stat.useItem.minecraft.beef":4,"stat.pickup.minecraft.lever":3,"stat.deaths":9,"stat.playOneMinute":50434,"stat.killEntity.Sheep":2,"stat.killEntity.Zombie":2,"stat.mineBlock.minecraft.tallgrass":1,"stat.diveOneCm":32297,"stat.pickup.minecraft.wheat":1,"stat.chestOpened":1,"stat.recordPlayed":1,"stat.pickup.minecraft.stone_axe":2,"stat.pickup.nuclearcraft.record_wanderer":1,"stat.jump":634,"stat.pickup.minecraft.coal":49,"stat.fallOneCm":12422,"stat.pickup.minecraft.iron_ingot":4,"stat.pickup.minecraft.carrot":17,"stat.useItem.minecraft.stone_axe":35,"stat.crouchOneCm":324,"stat.craftItem.minecraft.iron_ingot":2,"stat.pickup.minecraft.dirt":23,"stat.mineBlock.minecraft.lever":1,"stat.craftingTableInteraction":4,"stat.pickup.minecraft.iron_ore":4,"stat.pickup.minecraft.wooden_pickaxe":1,"stat.pickup.minecraft.feather":3,"stat.damageTaken":1517900,"stat.pickup.minecraft.leather":10,"stat.mineBlock.minecraft.furnace":3,"stat.useItem.minecraft.wooden_pickaxe":22,"stat.useItem.minecraft.furnace":1,"stat.pickup.minecraft.planks":32,"stat.pickup.minecraft.wheat_seeds":15,"stat.pickup.minecraft.potato":24,"stat.useItem.minecraft.stone_pickaxe":39,"stat.damageDealt":1633,"stat.killEntity.Cow":3,"stat.walkOneCm":58224,"stat.pickup.hbm.steel_boots":2,"stat.useItem.minecraft.bread":2,"stat.pickup.minecraft.crafting_table":2,"stat.pickup.hbm.fragment_meteorite":3,"stat.craftItem.minecraft.crafting_table":2,"stat.pickup.minecraft.log":16,"stat.pickup.hbm.tsar_kit":1,"stat.pickup.minecraft.stone":1,"stat.pickup.minecraft.chicken":2,"stat.pickup.minecraft.sapling":6,"stat.killEntity.Skeleton":2,"stat.craftItem.minecraft.bucket":1,"stat.craftItem.minecraft.planks":40,"stat.killEntity.Spider":1,"stat.mobKills":12,"stat.mineBlock.minecraft.log":10,"stat.mineBlock.minecraft.leaves":8,"stat.sneakTime":320,"stat.pickup.minecraft.wool":4,"stat.mineBlock.hbm.block_meteor_broken":1,"stat.useItem.minecraft.wooden_axe":4,"stat.pickup.minecraft.stone_slab":9,"stat.pickup.minecraft.yellow_flower":2,"stat.mineBlock.minecraft.stone":9}