{"stat.leaveGame":2,"stat.craftItem.minecraft.cooked_porkchop":2,"stat.useItem.minecraft.chicken":3,"stat.useItem.minecraft.porkchop":5,"stat.useItem.minecraft.rotten_flesh":4,"stat.jump":262,"stat.pickup.minecraft.coal":10,"stat.fallOneCm":1883,"stat.useItem.minecraft.stone_axe":22,"stat.pickup.minecraft.porkchop":7,"stat.crouchOneCm":511,"stat.craftItem.minecraft.torch":8,"stat.useItem.minecraft.stone_slab2":4,"stat.useItem.minecraft.cooked_chicken":1,"stat.craftingTableInteraction":4,"stat.pickup.minecraft.rotten_flesh":4,"stat.craftItem.minecraft.furnace":1,"stat.pickup.hbm.titanium_legs":1,"stat.craftItem.minecraft.stone_axe":1,"stat.damageTaken":558,"stat.pickup.minecraft.feather":3,"stat.craftItem.minecraft.stone_pickaxe":1,"stat.mineBlock.minecraft.torch":8,"stat.useItem.minecraft.wooden_pickaxe":19,"stat.pickup.minecraft.cobblestone":19,"stat.flyOneCm":37102,"stat.pickup.minecraft.wheat_seeds":39,"stat.useItem.minecraft.stone_pickaxe":11,"stat.damageDealt":1323,"stat.timeSinceDeath":13580,"stat.craftItem.minecraft.wooden_pickaxe":1,"stat.killEntity.Pig":3,"stat.walkOneCm":54489,"stat.useItem.minecraft.torch":8,"stat.animalsBred":1,"stat.pickup.minecraft.crafting_table":1,"stat.craftItem.minecraft.crafting_table":1,"stat.pickup.hbm.bandaid":1,"stat.furnaceInteraction":4,"stat.mineBlock.minecraft.double_plant":21,"stat.useItem.minecraft.cooked_porkchop":2,"stat.killEntity.ZombieVillager":1,"stat.mineBlock.minecraft.coal_ore":10,"stat.pickup.minecraft.log":7,"stat.craftItem.minecraft.stone_slab2":0,"stat.pickup.minecraft.chicken":5,"stat.pickup.minecraft.sapling":1,"stat.sprintOneCm":69668,"stat.craftItem.minecraft.stick":12,"stat.craftItem.minecraft.wooden_axe":1,"stat.craftItem.minecraft.planks":28,"stat.killEntity.Chicken":5,"stat.mineBlock.minecraft.crafting_table":1,"stat.mobKills":11,"stat.mineBlock.minecraft.log":7,"stat.craftItem.minecraft.cooked_chicken":1,"stat.mineBlock.minecraft.leaves":8,"stat.playOneMinute":13580,"stat.pickup.minecraft.torch":8,"stat.sneakTime":75,"stat.killEntity.Zombie":2,"stat.useItem.minecraft.wooden_axe":11,"stat.mineBlock.minecraft.stone":19,"stat.mineBlock.minecraft.tallgrass":273}