{"stat.chestOpened":2,"stat.pickup.minecraft.bone":2,"stat.useItem.minecraft.stone":7,"stat.drop.minecraft.wooden_pickaxe":1,"stat.leaveGame":7,"stat.mineBlock.minecraft.cobblestone":1,"stat.pickup.minecraft.stone_pickaxe":1,"stat.jump":547,"stat.swimOneCm":4596,"stat.fallOneCm":13265,"stat.pickup.minecraft.carrot":5,"stat.pickup.minecraft.porkchop":6,"stat.crouchOneCm":132,"stat.mineBlock.minecraft.chest":1,"stat.pickup.minecraft.dirt":22,"stat.useItem.minecraft.dirt":2,"stat.useItem.minecraft.stone_slab2":6,"stat.craftingTableInteraction":11,"stat.pickup.minecraft.iron_ore":12,"stat.pickup.minecraft.wooden_pickaxe":3,"stat.damageTaken":1483042,"stat.pickup.minecraft.leather":4,"stat.craftItem.minecraft.stone_pickaxe":1,"stat.useItem.minecraft.wooden_pickaxe":64,"stat.pickup.minecraft.cobblestone":132,"stat.pickup.minecraft.planks":29,"stat.craftItem.minecraft.stone_sword":1,"stat.flyOneCm":84654,"stat.pickup.minecraft.wheat_seeds":8,"stat.pickup.minecraft.potato":15,"stat.useItem.minecraft.stone_pickaxe":58,"stat.useItem.minecraft.stone_sword":18,"stat.damageDealt":909,"stat.mineBlock.minecraft.iron_ore":6,"stat.timeSinceDeath":8,"stat.killEntity.Cow":2,"stat.mineBlock.minecraft.dirt":13,"stat.craftItem.minecraft.wooden_pickaxe":2,"stat.killEntity.Pig":1,"stat.pickup.minecraft.double_plant":4,"stat.walkOneCm":60788,"stat.pickup.minecraft.stick":3,"stat.pickup.minecraft.wooden_axe":1,"stat.pickup.minecraft.crafting_table":3,"stat.useItem.minecraft.cobblestone":48,"stat.craftItem.minecraft.crafting_table":1,"stat.pickup.minecraft.log":12,"stat.pickup.minecraft.beef":8,"stat.entityKilledBy.Skeleton":3,"stat.pickup.minecraft.stone":20,"stat.pickup.minecraft.sapling":1,"stat.sprintOneCm":27926,"stat.craftItem.minecraft.stick":12,"stat.craftItem.minecraft.wooden_axe":1,"stat.craftItem.minecraft.planks":48,"stat.mineBlock.minecraft.crafting_table":2,"stat.pickup.minecraft.stone_sword":1,"stat.mobKills":4,"stat.mineBlock.minecraft.log":12,"stat.entityKilledBy.Creeper":1,"stat.deaths":7,"stat.drop":1,"stat.playOneMinute":29587,"stat.sneakTime":22,"stat.useItem.minecraft.wooden_axe":17,"stat.mineBlock.minecraft.stone":82,"stat.mineBlock.minecraft.tallgrass":32,"stat.diveOneCm":58241,"stat.pickup.minecraft.chest":1,"stat.pickup.minecraft.wheat":2}