{
  "nuclearcraft:root": {
    "criteria": {
      "location": "2024-06-09 22:09:04 +0000"
    },
    "done": true
  },
  "minecraft:recipes/decorations/chest": {
    "criteria": {
      "has_lots_of_items": "2024-06-09 22:10:48 +0000"
    },
    "done": true
  },
  "minecraft:adventure/root": {
    "criteria": {
      "killed_by_something": "2024-06-09 22:09:27 +0000"
    },
    "done": true
  },
  "minecraft:adventure/adventuring_time": {
    "criteria": {
      "birch_forest": "2024-06-09 22:12:15 +0000",
      "plains": "2024-06-09 22:09:04 +0000",
      "ocean": "2024-06-09 22:12:31 +0000",
      "roofed_forest": "2024-06-09 22:09:16 +0000",
      "river": "2024-06-09 22:12:23 +0000"
    },
    "done": false
  }
}